SAA 1 175;Šarru-ken, Šarru-ukin_2
SAA 1 26;Šarru-ken, Šarru-ukin_2
SAA 1 176;Šarru-ken, Šarru-ukin_2
SAA 1 172;Šarru-ken, Šarru-ukin_2
SAA 1 32;Sīn-ahhē-erība_1
SAA 1 32;Šarru-ken, Šarru-ukin_2
SAA 1 171;Šarru-ken, Šarru-ukin_2
SAA 1 1;Šarru-ken, Šarru-ukin_2
SAA 1 110;Šarru-ken, Šarru-ukin_2
SAA 1 121;Šarru-ken, Šarru-ukin_2
SAA 1 158;Šarru-ken, Šarru-ukin_2
SAA 1 233;Šarru-ken, Šarru-ukin_2
SAA 1 179;Šarru-ken, Šarru-ukin_2
SAA 1 152;Šarru-ken, Šarru-ukin_2
SAA 1 192;Šarru-ken, Šarru-ukin_2
SAA 1 62;Šarru-ken, Šarru-ukin_2
SAA 1 150;Šarru-ken, Šarru-ukin_2
SAA 1 56;Šarru-ken, Šarru-ukin_2
SAA 1 134;Šarru-ken, Šarru-ukin_2
SAA 1 237;Šarru-ken, Šarru-ukin_2
SAA 1 13;Šarru-ken, Šarru-ukin_2
SAA 1 44;Šarru-ken, Šarru-ukin_2
SAA 1 223;Šarru-ken, Šarru-ukin_2
SAA 1 209;Šarru-ken, Šarru-ukin_2
SAA 1 208;Šarru-ken, Šarru-ukin_2
SAA 1 260;Šarru-ken, Šarru-ukin_2
SAA 1 149;Šarru-ken, Šarru-ukin_2
SAA 1 49;Šarru-ken, Šarru-ukin_2
SAA 1 21;Šarru-ken, Šarru-ukin_2
SAA 1 22;Šarru-ken, Šarru-ukin_2
SAA 1 46;Šarru-ken, Šarru-ukin_2
SAA 1 63;Šarru-ken, Šarru-ukin_2
SAA 1 142;Šarru-ken, Šarru-ukin_2
SAA 1 23;Šarru-ken, Šarru-ukin_2
SAA 1 180;Šarru-ken, Šarru-ukin_2
SAA 1 196;Šarru-ken, Šarru-ukin_2
SAA 1 257;Šarru-ken, Šarru-ukin_2
SAA 1 231;Šarru-ken, Šarru-ukin_2
SAA 1 264;Šarru-ken, Šarru-ukin_2
SAA 1 8;Šarru-ken, Šarru-ukin_2
SAA 1 72;Šarru-ken, Šarru-ukin_2
SAA 1 24;Šarru-ken, Šarru-ukin_2
SAA 1 198;Šarru-ken, Šarru-ukin_2
SAA 1 259;Šarru-ken, Šarru-ukin_2
SAA 1 234;Šarru-ken, Šarru-ukin_2
SAA 1 86;Šarru-ken, Šarru-ukin_2
SAA 1 37;Sīn-ahhē-erība_1
SAA 1 37;Šarru-ken, Šarru-ukin_2
SAA 1 15;Šarru-ken, Šarru-ukin_2
SAA 1 145;Šarru-ken, Šarru-ukin_2
SAA 1 170;Šarru-ken, Šarru-ukin_2
SAA 1 7;Šarru-ken, Šarru-ukin_2
SAA 1 242;Šarru-ken, Šarru-ukin_2
SAA 1 265;Šarru-ken, Šarru-ukin_2
SAA 1 225;Šarru-ken, Šarru-ukin_2
SAA 1 243;Šarru-ken, Šarru-ukin_2
SAA 1 263;Šarru-ken, Šarru-ukin_2
SAA 1 214;Šarru-ken, Šarru-ukin_2
SAA 1 166;Šarru-ken, Šarru-ukin_2
SAA 1 255;Šarru-ken, Šarru-ukin_2
SAA 1 161;Šarru-ken, Šarru-ukin_2
SAA 1 3;Šarru-ken, Šarru-ukin_2
SAA 1 164;Šarru-ken, Šarru-ukin_2
SAA 1 120;Šarru-ken, Šarru-ukin_2
SAA 1 40;Sīn-ahhē-erība_1
SAA 1 40;Šarru-ken, Šarru-ukin_2
SAA 1 61;Šarru-ken, Šarru-ukin_2
SAA 1 186;Šarru-ken, Šarru-ukin_2
SAA 1 211;Šarru-ken, Šarru-ukin_2
SAA 1 2;Šarru-ken, Šarru-ukin_2
SAA 1 168;Šarru-ken, Šarru-ukin_2
SAA 1 95;Šarru-ken, Šarru-ukin_2
SAA 1 157;Šarru-ken, Šarru-ukin_2
SAA 1 68;Šarru-ken, Šarru-ukin_2
SAA 1 212;Šarru-ken, Šarru-ukin_2
SAA 1 113;Šarru-ken, Šarru-ukin_2
SAA 1 9;Šarru-ken, Šarru-ukin_2
SAA 1 111;Šarru-ken, Šarru-ukin_2
SAA 1 126;Šarru-ken, Šarru-ukin_2
SAA 1 25;Šarru-ken, Šarru-ukin_2
SAA 1 262;Šarru-ken, Šarru-ukin_2
SAA 1 74;Šarru-ken, Šarru-ukin_2
SAA 1 20;Šarru-ken, Šarru-ukin_2
SAA 1 81;Šarru-ken, Šarru-ukin_2
SAA 1 17;Šarru-ken, Šarru-ukin_2
SAA 1 169;Šarru-ken, Šarru-ukin_2
SAA 1 79;Šarru-ken, Šarru-ukin_2
SAA 1 199;Šarru-ken, Šarru-ukin_2
SAA 1 69;Šarru-ken, Šarru-ukin_2
SAA 1 256;Šarru-ken, Šarru-ukin_2
SAA 1 57;Šarru-ken, Šarru-ukin_2
SAA 1 127;Šarru-ken, Šarru-ukin_2
SAA 1 14;Šarru-ken, Šarru-ukin_2
SAA 1 154;Šarru-ken, Šarru-ukin_2
SAA 1 4;Šarru-ken, Šarru-ukin_2
SAA 1 197;Šarru-ken, Šarru-ukin_2
SAA 1 218;Šarru-ken, Šarru-ukin_2
SAA 1 213;Šarru-ken, Šarru-ukin_2
SAA 1 261;Šarru-ken, Šarru-ukin_2
SAA 1 248;Šarru-ken, Šarru-ukin_2
SAA 1 254;Šarru-ken, Šarru-ukin_2
SAA 1 253;Šarru-ken, Šarru-ukin_2
SAA 1 182;Šarru-ken, Šarru-ukin_2
SAA 1 187;Šarru-ken, Šarru-ukin_2
SAA 1 96;Šarru-ken, Šarru-ukin_2
SAA 1 84;Šarru-ken, Šarru-ukin_2
SAA 1 94;Šarru-ken, Šarru-ukin_2
SAA 1 76;Šarru-ken, Šarru-ukin_2
SAA 1 77;Šarru-ken, Šarru-ukin_2
SAA 1 100;Šarru-ken, Šarru-ukin_2
SAA 1 83;Šarru-ken, Šarru-ukin_2
SAA 1 91;Šarru-ken, Šarru-ukin_2
SAA 1 97;Šarru-ken, Šarru-ukin_2
SAA 1 88;Šarru-ken, Šarru-ukin_2
SAA 1 107;Šarru-ken, Šarru-ukin_2
SAA 1 90;Šarru-ken, Šarru-ukin_2
SAA 1 99;Šarru-ken, Šarru-ukin_2
SAA 1 47;Šarru-ken, Šarru-ukin_2
SAA 1 41;Šarru-ken, Šarru-ukin_2
SAA 1 65;Šarru-ken, Šarru-ukin_2
SAA 1 42;Šarru-ken, Šarru-ukin_2
SAA 1 53;Šarru-ken, Šarru-ukin_2
SAA 1 71;Šarru-ken, Šarru-ukin_2
SAA 1 70;Šarru-ken, Šarru-ukin_2
SAA 1 202;Šarru-ken, Šarru-ukin_2
SAA 1 190;Šarru-ken, Šarru-ukin_2
SAA 1 188;Šarru-ken, Šarru-ukin_2
SAA 1 200;Šarru-ken, Šarru-ukin_2
SAA 1 146;Šarru-ken, Šarru-ukin_2
SAA 1 205;Šarru-ken, Šarru-ukin_2
SAA 1 206;Šarru-ken, Šarru-ukin_2
SAA 1 207;Šarru-ken, Šarru-ukin_2
SAA 1 128;Šarru-ken, Šarru-ukin_2
SAA 1 45;Šarru-ken, Šarru-ukin_2
SAA 1 135;Šarru-ken, Šarru-ukin_2
SAA 1 51;Šarru-ken, Šarru-ukin_2
SAA 1 216;Šarru-ken, Šarru-ukin_2
SAA 1 124;Šarru-ken, Šarru-ukin_2
SAA 1 125;Šarru-ken, Šarru-ukin_2
SAA 1 33;Sīn-ahhē-erība_1
SAA 1 33;Šarru-ken, Šarru-ukin_2
SAA 1 31;Sīn-ahhē-erība_1
SAA 1 31;Šarru-ken, Šarru-ukin_2
SAA 1 29;Sīn-ahhē-erība_1
SAA 1 29;Šarru-ken, Šarru-ukin_2
SAA 1 38;Sīn-ahhē-erība_1
SAA 1 38;Šarru-ken, Šarru-ukin_2
SAA 1 133;Šarru-ken, Šarru-ukin_2
SAA 1 155;Šarru-ken, Šarru-ukin_2
SAA 1 173;Šarru-ken, Šarru-ukin_2
SAA 1 174;Šarru-ken, Šarru-ukin_2
SAA 1 118;Šarru-ken, Šarru-ukin_2
SAA 1 115;Šarru-ken, Šarru-ukin_2
SAA 1 116;Šarru-ken, Šarru-ukin_2
SAA 1 117;Šarru-ken, Šarru-ukin_2
SAA 1 112;Šarru-ken, Šarru-ukin_2
SAA 1 122;Šarru-ken, Šarru-ukin_2
SAA 1 6;Šarru-ken, Šarru-ukin_2
SAA 1 11;Šarru-ken, Šarru-ukin_2
SAA 1 5;Šarru-ken, Šarru-ukin_2
SAA 1 10;Šarru-ken, Šarru-ukin_2
SAA 1 184;Šarru-ken, Šarru-ukin_2
SAA 1 185;Šarru-ken, Šarru-ukin_2
SAA 1 219;Šarru-ken, Šarru-ukin_2
SAA 1 137;Šarru-ken, Šarru-ukin_2
SAA 1 80;Šarru-ken, Šarru-ukin_2
SAA 1 230;Šarru-ken, Šarru-ukin_2
SAA 1 85;Šarru-ken, Šarru-ukin_2
SAA 1 101;Šarru-ken, Šarru-ukin_2
SAA 1 102;Šarru-ken, Šarru-ukin_2
SAA 1 177;Šarru-ken, Šarru-ukin_2
SAA 1 119;Šarru-ken, Šarru-ukin_2
SAA 1 54;Šarru-ken, Šarru-ukin_2
SAA 1 66;Šarru-ken, Šarru-ukin_2
SAA 1 203;Šarru-ken, Šarru-ukin_2
SAA 1 106;Šarru-ken, Šarru-ukin_2
SAA 1 109;Šarru-ken, Šarru-ukin_2
SAA 1 93;Šarru-ken, Šarru-ukin_2
SAA 1 78;Šarru-ken, Šarru-ukin_2
SAA 1 98;Šarru-ken, Šarru-ukin_2
SAA 1 64;Šarru-ken, Šarru-ukin_2
SAA 1 67;Šarru-ken, Šarru-ukin_2
SAA 1 43;Šarru-ken, Šarru-ukin_2
SAA 1 50;Šarru-ken, Šarru-ukin_2
SAA 1 147;Šarru-ken, Šarru-ukin_2
SAA 1 82;Šarru-ken, Šarru-ukin_2
SAA 1 89;Šarru-ken, Šarru-ukin_2
SAA 1 241;Šarru-ken, Šarru-ukin_2
SAA 1 34;Sīn-ahhē-erība_1
SAA 1 34;Šarru-ken, Šarru-ukin_2
SAA 1 239;Šarru-ken, Šarru-ukin_2
SAA 1 75;Šarru-ken, Šarru-ukin_2
SAA 1 114;Šarru-ken, Šarru-ukin_2
SAA 1 247;Šarru-ken, Šarru-ukin_2
SAA 1 240;Šarru-ken, Šarru-ukin_2
SAA 1 144;Šarru-ken, Šarru-ukin_2
SAA 1 48;Šarru-ken, Šarru-ukin_2
SAA 1 236;Šarru-ken, Šarru-ukin_2
SAA 1 193;Šarru-ken, Šarru-ukin_2
SAA 1 136;Šarru-ken, Šarru-ukin_2
SAA 1 141;Šarru-ken, Šarru-ukin_2
SAA 1 195;Šarru-ken, Šarru-ukin_2
SAA 1 204;Šarru-ken, Šarru-ukin_2
SAA 1 217;Šarru-ken, Šarru-ukin_2
SAA 1 35;Sīn-ahhē-erība_1
SAA 1 35;Šarru-ken, Šarru-ukin_2
SAA 1 36;Sīn-ahhē-erība_1
SAA 1 36;Šarru-ken, Šarru-ukin_2
SAA 1 226;Šarru-ken, Šarru-ukin_2
SAA 1 227;Šarru-ken, Šarru-ukin_2
SAA 1 132;Šarru-ken, Šarru-ukin_2
SAA 1 131;Šarru-ken, Šarru-ukin_2
SAA 1 160;Šarru-ken, Šarru-ukin_2
SAA 1 258;Šarru-ken, Šarru-ukin_2
SAA 1 105;Šarru-ken, Šarru-ukin_2
SAA 1 224;Šarru-ken, Šarru-ukin_2
SAA 1 151;Šarru-ken, Šarru-ukin_2
SAA 1 222;Šarru-ken, Šarru-ukin_2
SAA 1 178;Šarru-ken, Šarru-ukin_2
SAA 1 165;Šarru-ken, Šarru-ukin_2
SAA 1 238;Šarru-ken, Šarru-ukin_2
SAA 1 130;Šarru-ken, Šarru-ukin_2
SAA 1 108;Šarru-ken, Šarru-ukin_2
SAA 1 103;Šarru-ken, Šarru-ukin_2
SAA 1 246;Šarru-ken, Šarru-ukin_2
SAA 1 162;Šarru-ken, Šarru-ukin_2
SAA 1 12;Šarru-ken, Šarru-ukin_2
SAA 1 58;Šarru-ken, Šarru-ukin_2
SAA 1 156;Šarru-ken, Šarru-ukin_2
SAA 1 181;Šarru-ken, Šarru-ukin_2
SAA 1 194;Šarru-ken, Šarru-ukin_2
SAA 1 30;Sīn-ahhē-erība_1
SAA 1 30;Šarru-ken, Šarru-ukin_2
SAA 1 245;Šarru-ken, Šarru-ukin_2
SAA 1 92;Šarru-ken, Šarru-ukin_2
SAA 1 129;Šarru-ken, Šarru-ukin_2
SAA 1 59;Šarru-ken, Šarru-ukin_2
SAA 1 39;Sīn-ahhē-erība_1
SAA 1 39;Šarru-ken, Šarru-ukin_2
SAA 1 138;Šarru-ken, Šarru-ukin_2
SAA 1 143;Šarru-ken, Šarru-ukin_2
SAA 1 250;Šarru-ken, Šarru-ukin_2
SAA 1 229;Šarru-ken, Šarru-ukin_2
SAA 1 140;Šarru-ken, Šarru-ukin_2
SAA 1 201;Šarru-ken, Šarru-ukin_2
SAA 1 189;Šarru-ken, Šarru-ukin_2
SAA 1 252;Šarru-ken, Šarru-ukin_2
SAA 1 148;Šarru-ken, Šarru-ukin_2
SAA 1 183;Šarru-ken, Šarru-ukin_2
SAA 1 18;Šarru-ken, Šarru-ukin_2
SAA 1 19;Šarru-ken, Šarru-ukin_2
SAA 1 55;Šarru-ken, Šarru-ukin_2
SAA 1 163;Šarru-ken, Šarru-ukin_2
SAA 1 235;Šarru-ken, Šarru-ukin_2
SAA 1 87;Šarru-ken, Šarru-ukin_2
SAA 1 159;Šarru-ken, Šarru-ukin_2
SAA 1 139;Šarru-ken, Šarru-ukin_2
SAA 1 52;Šarru-ken, Šarru-ukin_2
SAA 1 16;Šarru-ken, Šarru-ukin_2
SAA 1 249;Šarru-ken, Šarru-ukin_2
SAA 1 104;Šarru-ken, Šarru-ukin_2
SAA 1 167;Šarru-ken, Šarru-ukin_2
SAA 1 27;Šarru-ken, Šarru-ukin_2
SAA 1 60;Šarru-ken, Šarru-ukin_2
SAA 1 73;Šarru-ken, Šarru-ukin_2
SAA 1 251;Šarru-ken, Šarru-ukin_2
SAA 1 210;Šarru-ken, Šarru-ukin_2
SAA 4 216;Aššūr-ahu-iddina_7
SAA 4 8;Aššūr-ahu-iddina_7
SAA 4 195;Aššūr-ahu-iddina_7
SAA 4 172;Aššūr-ahu-iddina_7
SAA 4 69;Aššūr-ahu-iddina_7
SAA 4 164;Aššūr-ahu-iddina_7
SAA 4 112;Aššūr-ahu-iddina_7
SAA 4 5;Aššūr-ahu-iddina_7
SAA 4 20;Aššūr-ahu-iddina_7
SAA 4 45;Aššūr-ahu-iddina_7
SAA 4 222;Aššūr-ahu-iddina_7
SAA 4 138;Aššūr-ahu-iddina_7
SAA 4 60;Aššūr-ahu-iddina_7
SAA 4 351;Aššūr-bāni-apli_1
SAA 4 65;Aššūr-ahu-iddina_7
SAA 4 231;Aššūr-ahu-iddina_7
SAA 4 202;Aššūr-ahu-iddina_7
SAA 4 325;Aššūr-bāni-apli_1
SAA 4 315;Aššūr-bāni-apli_1
SAA 4 348;Aššūr-bāni-apli_1
SAA 4 303;Aššūr-bāni-apli_1
SAA 4 148;Aššūr-ahu-iddina_7
SAA 4 329;Aššūr-bāni-apli_1
SAA 4 228;Aššūr-ahu-iddina_7
SAA 4 294;Aššūr-bāni-apli_1
SAA 4 86;Aššūr-ahu-iddina_7
SAA 4 217;Aššūr-ahu-iddina_7
SAA 4 26;Aššūr-ahu-iddina_7
SAA 4 67;Aššūr-ahu-iddina_7
SAA 4 341;Aššūr-bāni-apli_1
SAA 4 30;Aššūr-ahu-iddina_7
SAA 4 37;Aššūr-ahu-iddina_7
SAA 4 239;Aššūr-ahu-iddina_7
SAA 4 101;Aššūr-ahu-iddina_7
SAA 4 152;Aššūr-ahu-iddina_7
SAA 4 34;Aššūr-ahu-iddina_7
SAA 4 42;Aššūr-ahu-iddina_7
SAA 4 28;Aššūr-ahu-iddina_7
SAA 4 264;Aššūr-bāni-apli_1
SAA 4 352;Aššūr-bāni-apli_1
SAA 4 121;Aššūr-ahu-iddina_7
SAA 4 238;Aššūr-ahu-iddina_7
SAA 4 13;Aššūr-ahu-iddina_7
SAA 4 15;Aššūr-ahu-iddina_7
SAA 4 335;Aššūr-bāni-apli_1
SAA 4 269;Aššūr-bāni-apli_1
SAA 4 106;Aššūr-ahu-iddina_7
SAA 4 124;Aššūr-ahu-iddina_7
SAA 4 125;Aššūr-ahu-iddina_7
SAA 4 4;Aššūr-ahu-iddina_7
SAA 4 189;Aššūr-ahu-iddina_7
SAA 4 46;Aššūr-ahu-iddina_7
SAA 4 40;Aššūr-ahu-iddina_7
SAA 4 77;Aššūr-ahu-iddina_7
SAA 4 47;Aššūr-ahu-iddina_7
SAA 4 109;Aššūr-ahu-iddina_7
SAA 4 354;Aššūr-bāni-apli_1
SAA 4 114;Aššūr-ahu-iddina_7
SAA 4 241;Aššūr-ahu-iddina_7
SAA 4 2;Aššūr-ahu-iddina_7
SAA 4 242;Aššūr-ahu-iddina_7
SAA 4 39;Aššūr-ahu-iddina_7
SAA 4 244;Aššūr-ahu-iddina_7
SAA 4 243;Aššūr-ahu-iddina_7
SAA 4 211;Aššūr-ahu-iddina_7
SAA 4 51;Aššūr-ahu-iddina_7
SAA 4 64;Aššūr-ahu-iddina_7
SAA 4 36;Aššūr-ahu-iddina_7
SAA 4 84;Aššūr-ahu-iddina_7
SAA 4 345;Aššūr-bāni-apli_1
SAA 4 56;Aššūr-ahu-iddina_7
SAA 4 97;Aššūr-ahu-iddina_7
SAA 4 137;Aššūr-ahu-iddina_7
SAA 4 252;Aššūr-ahu-iddina_7
SAA 4 272;Aššūr-bāni-apli_1
SAA 4 78;Aššūr-ahu-iddina_7
SAA 4 1;Aššūr-ahu-iddina_7
SAA 4 126;Aššūr-ahu-iddina_7
SAA 4 160;Aššūr-ahu-iddina_7
SAA 4 203;Aššūr-ahu-iddina_7
SAA 4 6;Aššūr-ahu-iddina_7
SAA 4 178;Aššūr-ahu-iddina_7
SAA 4 223;Aššūr-ahu-iddina_7
SAA 4 245;Aššūr-ahu-iddina_7
SAA 4 118;Aššūr-ahu-iddina_7
SAA 4 259;Aššūr-ahu-iddina_7
SAA 4 134;Aššūr-ahu-iddina_7
SAA 4 61;Aššūr-ahu-iddina_7
SAA 4 235;Aššūr-ahu-iddina_7
SAA 4 44;Aššūr-ahu-iddina_7
SAA 4 282;Aššūr-bāni-apli_1
SAA 4 313;Aššūr-bāni-apli_1
SAA 4 337;Aššūr-bāni-apli_1
SAA 4 280;Aššūr-bāni-apli_1
SAA 4 149;Aššūr-ahu-iddina_7
SAA 4 285;Aššūr-bāni-apli_1
SAA 4 330;Aššūr-bāni-apli_1
SAA 4 286;Aššūr-bāni-apli_1
SAA 4 324;Aššūr-bāni-apli_1
SAA 4 281;Aššūr-bāni-apli_1
SAA 4 331;Aššūr-bāni-apli_1
SAA 4 342;Aššūr-bāni-apli_1
SAA 4 293;Aššūr-bāni-apli_1
SAA 4 94;Aššūr-ahu-iddina_7
SAA 4 74;Aššūr-ahu-iddina_7
SAA 4 283;Aššūr-bāni-apli_1
SAA 4 288;Aššūr-bāni-apli_1
SAA 4 305;Aššūr-bāni-apli_1
SAA 4 327;Aššūr-bāni-apli_1
SAA 4 76;Aššūr-ahu-iddina_7
SAA 4 333;Aššūr-bāni-apli_1
SAA 4 43;Aššūr-ahu-iddina_7
SAA 4 312;Aššūr-bāni-apli_1
SAA 4 316;Aššūr-bāni-apli_1
SAA 4 27;Aššūr-ahu-iddina_7
SAA 4 16;Aššūr-ahu-iddina_7
SAA 4 307;Aššūr-bāni-apli_1
SAA 4 308;Aššūr-bāni-apli_1
SAA 4 349;Aššūr-bāni-apli_1
SAA 4 304;Aššūr-bāni-apli_1
SAA 4 299;Aššūr-bāni-apli_1
SAA 4 292;Aššūr-bāni-apli_1
SAA 4 279;Aššūr-bāni-apli_1
SAA 4 340;Aššūr-bāni-apli_1
SAA 4 212;Aššūr-ahu-iddina_7
SAA 4 35;Aššūr-ahu-iddina_7
SAA 4 332;Aššūr-bāni-apli_1
SAA 4 343;Aššūr-bāni-apli_1
SAA 4 353;Aššūr-bāni-apli_1
SAA 4 338;Aššūr-bāni-apli_1
SAA 4 323;Aššūr-bāni-apli_1
SAA 4 226;Aššūr-ahu-iddina_7
SAA 4 276;Aššūr-bāni-apli_1
SAA 4 75;Aššūr-ahu-iddina_7
SAA 4 9;Aššūr-ahu-iddina_7
SAA 4 129;Aššūr-ahu-iddina_7
SAA 4 262;Aššūr-bāni-apli_1
SAA 4 3;Aššūr-ahu-iddina_7
SAA 4 82;Aššūr-ahu-iddina_7
SAA 4 7;Aššūr-ahu-iddina_7
SAA 4 153;Aššūr-ahu-iddina_7
SAA 4 10;Aššūr-ahu-iddina_7
SAA 4 59;Aššūr-ahu-iddina_7
SAA 4 12;Aššūr-ahu-iddina_7
SAA 4 191;Aššūr-ahu-iddina_7
SAA 4 29;Aššūr-ahu-iddina_7
SAA 4 14;Aššūr-ahu-iddina_7
SAA 4 151;Aššūr-ahu-iddina_7
SAA 4 108;Aššūr-ahu-iddina_7
SAA 4 24;Aššūr-ahu-iddina_7
SAA 4 63;Aššūr-ahu-iddina_7
SAA 4 107;Aššūr-ahu-iddina_7
SAA 4 116;Aššūr-ahu-iddina_7
SAA 4 49;Aššūr-ahu-iddina_7
SAA 4 150;Aššūr-ahu-iddina_7
SAA 4 57;Aššūr-ahu-iddina_7
SAA 4 53;Aššūr-ahu-iddina_7
SAA 4 122;Aššūr-ahu-iddina_7
SAA 4 21;Aššūr-ahu-iddina_7
SAA 4 274;Aššūr-bāni-apli_1
SAA 4 50;Aššūr-ahu-iddina_7
SAA 4 54;Aššūr-ahu-iddina_7
SAA 4 268;Aššūr-bāni-apli_1
SAA 4 225;Aššūr-ahu-iddina_7
SAA 4 25;Aššūr-ahu-iddina_7
SAA 4 103;Aššūr-ahu-iddina_7
SAA 4 295;Aššūr-bāni-apli_1
SAA 4 208;Aššūr-ahu-iddina_7
SAA 4 136;Aššūr-ahu-iddina_7
SAA 4 22;Aššūr-ahu-iddina_7
SAA 4 185;Aššūr-ahu-iddina_7
SAA 4 251;Aššūr-ahu-iddina_7
SAA 4 119;Aššūr-ahu-iddina_7
SAA 4 255;Aššūr-ahu-iddina_7
SAA 4 55;Aššūr-ahu-iddina_7
SAA 4 258;Aššūr-ahu-iddina_7
SAA 4 182;Aššūr-ahu-iddina_7
SAA 4 309;Aššūr-bāni-apli_1
SAA 4 311;Aššūr-bāni-apli_1
SAA 4 232;Aššūr-ahu-iddina_7
SAA 4 339;Aššūr-bāni-apli_1
SAA 4 215;Aššūr-ahu-iddina_7
SAA 4 297;Aššūr-bāni-apli_1
SAA 4 291;Aššūr-bāni-apli_1
SAA 4 298;Aššūr-bāni-apli_1
SAA 4 193;Aššūr-ahu-iddina_7
SAA 4 135;Aššūr-ahu-iddina_7
SAA 4 336;Aššūr-bāni-apli_1
SAA 4 72;Aššūr-ahu-iddina_7
SAA 4 207;Aššūr-ahu-iddina_7
SAA 4 194;Aššūr-ahu-iddina_7
SAA 4 221;Aššūr-ahu-iddina_7
SAA 4 38;Aššūr-ahu-iddina_7
SAA 4 249;Aššūr-ahu-iddina_7
SAA 4 230;Aššūr-ahu-iddina_7
SAA 4 32;Aššūr-ahu-iddina_7
SAA 4 236;Aššūr-ahu-iddina_7
SAA 4 219;Aššūr-ahu-iddina_7
SAA 4 197;Aššūr-ahu-iddina_7
SAA 4 170;Aššūr-ahu-iddina_7
SAA 4 234;Aššūr-ahu-iddina_7
SAA 4 166;Aššūr-ahu-iddina_7
SAA 4 31;Aššūr-ahu-iddina_7
SAA 4 169;Aššūr-ahu-iddina_7
SAA 4 52;Aššūr-ahu-iddina_7
SAA 4 218;Aššūr-ahu-iddina_7
SAA 4 104;Aššūr-ahu-iddina_7
SAA 4 95;Aššūr-ahu-iddina_7
SAA 4 98;Aššūr-ahu-iddina_7
SAA 4 210;Aššūr-ahu-iddina_7
SAA 4 96;Aššūr-ahu-iddina_7
SAA 4 115;Aššūr-ahu-iddina_7
SAA 4 68;Aššūr-ahu-iddina_7
SAA 4 184;Aššūr-ahu-iddina_7
SAA 4 173;Aššūr-ahu-iddina_7
SAA 4 120;Aššūr-ahu-iddina_7
SAA 4 240;Aššūr-ahu-iddina_7
SAA 4 246;Aššūr-ahu-iddina_7
SAA 4 165;Aššūr-ahu-iddina_7
SAA 4 248;Aššūr-ahu-iddina_7
SAA 4 111;Aššūr-ahu-iddina_7
SAA 4 233;Aššūr-ahu-iddina_7
SAA 4 171;Aššūr-ahu-iddina_7
SAA 4 220;Aššūr-ahu-iddina_7
SAA 4 41;Aššūr-ahu-iddina_7
SAA 4 302;Aššūr-bāni-apli_1
SAA 4 289;Aššūr-bāni-apli_1
SAA 4 321;Aššūr-bāni-apli_1
SAA 4 322;Aššūr-bāni-apli_1
SAA 4 147;Aššūr-ahu-iddina_7
SAA 4 80;Aššūr-ahu-iddina_7
SAA 4 71;Aššūr-ahu-iddina_7
SAA 4 23;Aššūr-ahu-iddina_7
SAA 4 33;Aššūr-ahu-iddina_7
SAA 4 18;Aššūr-ahu-iddina_7
SAA 4 19;Aššūr-ahu-iddina_7
SAA 4 11;Aššūr-ahu-iddina_7
SAA 4 92;Aššūr-ahu-iddina_7
SAA 4 93;Aššūr-ahu-iddina_7
SAA 4 89;Aššūr-ahu-iddina_7
SAA 4 90;Aššūr-ahu-iddina_7
SAA 4 87;Aššūr-ahu-iddina_7
SAA 4 229;Aššūr-ahu-iddina_7
SAA 4 79;Aššūr-ahu-iddina_7
SAA 4 140;Aššūr-ahu-iddina_7
SAA 4 117;Aššūr-ahu-iddina_7
SAA 4 91;Aššūr-ahu-iddina_7
SAA 4 73;Aššūr-ahu-iddina_7
SAA 4 227;Aššūr-ahu-iddina_7
SAA 4 110;Aššūr-ahu-iddina_7
SAA 4 100;Aššūr-ahu-iddina_7
SAA 4 132;Aššūr-ahu-iddina_7
SAA 4 130;Aššūr-ahu-iddina_7
SAA 4 183;Aššūr-ahu-iddina_7
SAA 4 277;Aššūr-bāni-apli_1
SAA 4 190;Aššūr-ahu-iddina_7
SAA 4 192;Aššūr-ahu-iddina_7
SAA 4 265;Aššūr-bāni-apli_1
SAA 4 266;Aššūr-bāni-apli_1
SAA 4 139;Aššūr-ahu-iddina_7
SAA 4 144;Aššūr-ahu-iddina_7
SAA 4 141;Aššūr-ahu-iddina_7
SAA 4 105;Aššūr-ahu-iddina_7
SAA 4 275;Aššūr-bāni-apli_1
SAA 4 154;Aššūr-ahu-iddina_7
SAA 4 156;Aššūr-ahu-iddina_7
SAA 4 159;Aššūr-ahu-iddina_7
SAA 4 158;Aššūr-ahu-iddina_7
SAA 4 157;Aššūr-ahu-iddina_7
SAA 4 162;Aššūr-ahu-iddina_7
SAA 4 161;Aššūr-ahu-iddina_7
SAA 4 163;Aššūr-ahu-iddina_7
SAA 4 155;Aššūr-ahu-iddina_7
SAA 4 168;Aššūr-ahu-iddina_7
SAA 4 181;Aššūr-ahu-iddina_7
SAA 4 177;Aššūr-ahu-iddina_7
SAA 4 131;Aššūr-ahu-iddina_7
SAA 4 205;Aššūr-ahu-iddina_7
SAA 4 198;Aššūr-ahu-iddina_7
SAA 4 209;Aššūr-ahu-iddina_7
SAA 4 224;Aššūr-ahu-iddina_7
SAA 4 83;Aššūr-ahu-iddina_7
SAA 4 196;Aššūr-ahu-iddina_7
SAA 4 187;Aššūr-ahu-iddina_7
SAA 4 206;Aššūr-ahu-iddina_7
SAA 4 267;Aššūr-bāni-apli_1
SAA 4 270;Aššūr-bāni-apli_1
SAA 4 271;Aššūr-bāni-apli_1
SAA 4 260;Aššūr-ahu-iddina_7
SAA 4 174;Aššūr-ahu-iddina_7
SAA 4 261;Aššūr-ahu-iddina_7
SAA 4 250;Aššūr-ahu-iddina_7
SAA 4 253;Aššūr-ahu-iddina_7
SAA 4 256;Aššūr-ahu-iddina_7
SAA 4 320;Aššūr-bāni-apli_1
SAA 4 284;Aššūr-bāni-apli_1
SAA 4 48;Aššūr-ahu-iddina_7
SAA 4 62;Aššūr-ahu-iddina_7
SAA 4 70;Aššūr-ahu-iddina_7
SAA 4 66;Aššūr-ahu-iddina_7
SAA 4 58;Aššūr-ahu-iddina_7
SAA 4 99;Aššūr-ahu-iddina_7
SAA 4 88;Aššūr-ahu-iddina_7
SAA 4 81;Aššūr-ahu-iddina_7
SAA 4 17;Aššūr-ahu-iddina_7
SAA 4 142;Aššūr-ahu-iddina_7
SAA 4 176;Aššūr-ahu-iddina_7
SAA 4 175;Aššūr-ahu-iddina_7
SAA 4 167;Aššūr-ahu-iddina_7
SAA 4 133;Aššūr-ahu-iddina_7
SAA 4 199;Aššūr-ahu-iddina_7
SAA 4 204;Aššūr-ahu-iddina_7
SAA 4 123;Aššūr-ahu-iddina_7
SAA 4 128;Aššūr-ahu-iddina_7
SAA 4 257;Aššūr-ahu-iddina_7
SAA 4 213;Aššūr-ahu-iddina_7
SAA 4 278;Aššūr-bāni-apli_1
SAA 4 317;Aššūr-bāni-apli_1
SAA 4 318;Aššūr-bāni-apli_1
SAA 4 326;Aššūr-bāni-apli_1
SAA 4 287;Aššūr-bāni-apli_1
SAA 4 319;Aššūr-bāni-apli_1
SAA 4 334;Aššūr-bāni-apli_1
SAA 4 306;Aššūr-bāni-apli_1
SAA 4 300;Aššūr-bāni-apli_1
SAA 4 296;Aššūr-bāni-apli_1
SAA 4 290;Aššūr-bāni-apli_1
SAA 4 85;Aššūr-ahu-iddina_7
SAA 4 102;Aššūr-ahu-iddina_7
SAA 4 113;Aššūr-ahu-iddina_7
SAA 4 127;Aššūr-ahu-iddina_7
SAA 4 143;Aššūr-ahu-iddina_7
SAA 4 145;Aššūr-ahu-iddina_7
SAA 4 146;Aššūr-ahu-iddina_7
SAA 4 179;Aššūr-ahu-iddina_7
SAA 4 180;Aššūr-ahu-iddina_7
SAA 4 186;Aššūr-ahu-iddina_7
SAA 4 188;Aššūr-ahu-iddina_7
SAA 4 200;Aššūr-ahu-iddina_7
SAA 4 201;Aššūr-ahu-iddina_7
SAA 4 214;Aššūr-ahu-iddina_7
SAA 4 237;Aššūr-ahu-iddina_7
SAA 4 247;Aššūr-ahu-iddina_7
SAA 4 263;Aššūr-bāni-apli_1
SAA 4 273;Aššūr-bāni-apli_1
SAA 4 310;Aššūr-bāni-apli_1
SAA 4 314;Aššūr-bāni-apli_1
SAA 4 328;Aššūr-bāni-apli_1
SAA 4 344;Aššūr-bāni-apli_1
SAA 4 346;Aššūr-bāni-apli_1
SAA 4 347;Aššūr-bāni-apli_1
SAA 4 350;Aššūr-bāni-apli_1
SAA 4 301;Aššūr-bāni-apli_1
SAA 4 254;Aššūr-ahu-iddina_7
SAA 5 74;Šarru-ken, Šarru-ukin_2
SAA 5 215;Šarru-ken, Šarru-ukin_2
SAA 5 144;Šarru-ken, Šarru-ukin_2
SAA 5 191;Šarru-ken, Šarru-ukin_2
SAA 5 40;Šarru-ken, Šarru-ukin_2
SAA 5 114;Šarru-ken, Šarru-ukin_2
SAA 5 290;Šarru-ken, Šarru-ukin_2
SAA 5 56;Šarru-ken, Šarru-ukin_2
SAA 5 117;Šarru-ken, Šarru-ukin_2
SAA 5 281;Sīn-ahhē-erība_1
SAA 5 281;Šarru-ken, Šarru-ukin_2
SAA 5 108;Šarru-ken, Šarru-ukin_2
SAA 5 291;Šarru-ken, Šarru-ukin_2
SAA 5 68;Šarru-ken, Šarru-ukin_2
SAA 5 98;Šarru-ken, Šarru-ukin_2
SAA 5 250;Šarru-ken, Šarru-ukin_2
SAA 5 44;Šarru-ken, Šarru-ukin_2
SAA 5 204;Šarru-ken, Šarru-ukin_2
SAA 5 48;Šarru-ken, Šarru-ukin_2
SAA 5 150;Šarru-ken, Šarru-ukin_2
SAA 5 127;Šarru-ken, Šarru-ukin_2
SAA 5 15;Šarru-ken, Šarru-ukin_2
SAA 5 225;Šarru-ken, Šarru-ukin_2
SAA 5 67;Šarru-ken, Šarru-ukin_2
SAA 5 34;Šarru-ken, Šarru-ukin_2
SAA 5 107;Šarru-ken, Šarru-ukin_2
SAA 5 173;Šarru-ken, Šarru-ukin_2
SAA 5 37;Šarru-ken, Šarru-ukin_2
SAA 5 112;Šarru-ken, Šarru-ukin_2
SAA 5 177;Šarru-ken, Šarru-ukin_2
SAA 5 178;Šarru-ken, Šarru-ukin_2
SAA 5 69;Šarru-ken, Šarru-ukin_2
SAA 5 254;Šarru-ken, Šarru-ukin_2
SAA 5 141;Šarru-ken, Šarru-ukin_2
SAA 5 46;Šarru-ken, Šarru-ukin_2
SAA 5 176;Šarru-ken, Šarru-ukin_2
SAA 5 236;Šarru-ken, Šarru-ukin_2
SAA 5 122;Šarru-ken, Šarru-ukin_2
SAA 5 106;Šarru-ken, Šarru-ukin_2
SAA 5 35;Šarru-ken, Šarru-ukin_2
SAA 5 36;Šarru-ken, Šarru-ukin_2
SAA 5 116;Šarru-ken, Šarru-ukin_2
SAA 5 95;Šarru-ken, Šarru-ukin_2
SAA 5 296;Šarru-ken, Šarru-ukin_2
SAA 5 138;Šarru-ken, Šarru-ukin_2
SAA 5 190;Šarru-ken, Šarru-ukin_2
SAA 5 249;Šarru-ken, Šarru-ukin_2
SAA 5 271;Šarru-ken, Šarru-ukin_2
SAA 5 299;Šarru-ken, Šarru-ukin_2
SAA 5 170;Šarru-ken, Šarru-ukin_2
SAA 5 4;Šarru-ken, Šarru-ukin_2
SAA 5 26;Šarru-ken, Šarru-ukin_2
SAA 5 128;Šarru-ken, Šarru-ukin_2
SAA 5 206;Šarru-ken, Šarru-ukin_2
SAA 5 230;Šarru-ken, Šarru-ukin_2
SAA 5 220;Šarru-ken, Šarru-ukin_2
SAA 5 286;Šarru-ken, Šarru-ukin_2
SAA 5 193;Šarru-ken, Šarru-ukin_2
SAA 5 20;Šarru-ken, Šarru-ukin_2
SAA 5 300;Šarru-ken, Šarru-ukin_2
SAA 5 219;Šarru-ken, Šarru-ukin_2
SAA 5 188;Šarru-ken, Šarru-ukin_2
SAA 5 7;Šarru-ken, Šarru-ukin_2
SAA 5 43;Šarru-ken, Šarru-ukin_2
SAA 5 61;Šarru-ken, Šarru-ukin_2
SAA 5 277;Šarru-ken, Šarru-ukin_2
SAA 5 289;Šarru-ken, Šarru-ukin_2
SAA 5 269;Šarru-ken, Šarru-ukin_2
SAA 5 30;Šarru-ken, Šarru-ukin_2
SAA 5 18;Šarru-ken, Šarru-ukin_2
SAA 5 253;Šarru-ken, Šarru-ukin_2
SAA 5 57;Šarru-ken, Šarru-ukin_2
SAA 5 93;Šarru-ken, Šarru-ukin_2
SAA 5 282;Šarru-ken, Šarru-ukin_2
SAA 5 60;Šarru-ken, Šarru-ukin_2
SAA 5 109;Šarru-ken, Šarru-ukin_2
SAA 5 261;Šarru-ken, Šarru-ukin_2
SAA 5 279;Šarru-ken, Šarru-ukin_2
SAA 5 186;Šarru-ken, Šarru-ukin_2
SAA 5 196;Šarru-ken, Šarru-ukin_2
SAA 5 137;Šarru-ken, Šarru-ukin_2
SAA 5 192;Šarru-ken, Šarru-ukin_2
SAA 5 252;Šarru-ken, Šarru-ukin_2
SAA 5 42;Šarru-ken, Šarru-ukin_2
SAA 5 187;Šarru-ken, Šarru-ukin_2
SAA 5 212;Šarru-ken, Šarru-ukin_2
SAA 5 124;Šarru-ken, Šarru-ukin_2
SAA 5 280;Šarru-ken, Šarru-ukin_2
SAA 5 184;Šarru-ken, Šarru-ukin_2
SAA 5 131;Šarru-ken, Šarru-ukin_2
SAA 5 157;Šarru-ken, Šarru-ukin_2
SAA 5 288;Šarru-ken, Šarru-ukin_2
SAA 5 5;Šarru-ken, Šarru-ukin_2
SAA 5 259;Šarru-ken, Šarru-ukin_2
SAA 5 197;Šarru-ken, Šarru-ukin_2
SAA 5 102;Šarru-ken, Šarru-ukin_2
SAA 5 140;Šarru-ken, Šarru-ukin_2
SAA 5 247;Šarru-ken, Šarru-ukin_2
SAA 5 258;Šarru-ken, Šarru-ukin_2
SAA 5 183;Šarru-ken, Šarru-ukin_2
SAA 5 208;Šarru-ken, Šarru-ukin_2
SAA 5 198;Šarru-ken, Šarru-ukin_2
SAA 5 231;Šarru-ken, Šarru-ukin_2
SAA 5 276;Šarru-ken, Šarru-ukin_2
SAA 5 255;Šarru-ken, Šarru-ukin_2
SAA 5 50;Šarru-ken, Šarru-ukin_2
SAA 5 76;Šarru-ken, Šarru-ukin_2
SAA 5 195;Šarru-ken, Šarru-ukin_2
SAA 5 174;Šarru-ken, Šarru-ukin_2
SAA 5 22;Šarru-ken, Šarru-ukin_2
SAA 5 222;Šarru-ken, Šarru-ukin_2
SAA 5 181;Šarru-ken, Šarru-ukin_2
SAA 5 167;Šarru-ken, Šarru-ukin_2
SAA 5 9;Šarru-ken, Šarru-ukin_2
SAA 5 267;Šarru-ken, Šarru-ukin_2
SAA 5 175;Šarru-ken, Šarru-ukin_2
SAA 5 19;Šarru-ken, Šarru-ukin_2
SAA 5 287;Šarru-ken, Šarru-ukin_2
SAA 5 285;Šarru-ken, Šarru-ukin_2
SAA 5 8;Šarru-ken, Šarru-ukin_2
SAA 5 151;Šarru-ken, Šarru-ukin_2
SAA 5 51;Šarru-ken, Šarru-ukin_2
SAA 5 266;Šarru-ken, Šarru-ukin_2
SAA 5 99;Šarru-ken, Šarru-ukin_2
SAA 5 283;Šarru-ken, Šarru-ukin_2
SAA 5 262;Šarru-ken, Šarru-ukin_2
SAA 5 278;Šarru-ken, Šarru-ukin_2
SAA 5 275;Šarru-ken, Šarru-ukin_2
SAA 5 41;Šarru-ken, Šarru-ukin_2
SAA 5 10;Šarru-ken, Šarru-ukin_2
SAA 5 39;Šarru-ken, Šarru-ukin_2
SAA 5 73;Šarru-ken, Šarru-ukin_2
SAA 5 248;Šarru-ken, Šarru-ukin_2
SAA 5 235;Šarru-ken, Šarru-ukin_2
SAA 5 209;Šarru-ken, Šarru-ukin_2
SAA 5 185;Šarru-ken, Šarru-ukin_2
SAA 5 273;Šarru-ken, Šarru-ukin_2
SAA 5 251;Šarru-ken, Šarru-ukin_2
SAA 5 180;Šarru-ken, Šarru-ukin_2
SAA 5 270;Šarru-ken, Šarru-ukin_2
SAA 5 268;Šarru-ken, Šarru-ukin_2
SAA 5 142;Šarru-ken, Šarru-ukin_2
SAA 5 77;Šarru-ken, Šarru-ukin_2
SAA 5 72;Šarru-ken, Šarru-ukin_2
SAA 5 264;Šarru-ken, Šarru-ukin_2
SAA 5 123;Šarru-ken, Šarru-ukin_2
SAA 5 129;Šarru-ken, Šarru-ukin_2
SAA 5 143;Šarru-ken, Šarru-ukin_2
SAA 5 265;Šarru-ken, Šarru-ukin_2
SAA 5 216;Šarru-ken, Šarru-ukin_2
SAA 5 182;Šarru-ken, Šarru-ukin_2
SAA 5 189;Šarru-ken, Šarru-ukin_2
SAA 5 160;Šarru-ken, Šarru-ukin_2
SAA 5 130;Šarru-ken, Šarru-ukin_2
SAA 5 121;Šarru-ken, Šarru-ukin_2
SAA 5 119;Šarru-ken, Šarru-ukin_2
SAA 5 113;Šarru-ken, Šarru-ukin_2
SAA 5 120;Šarru-ken, Šarru-ukin_2
SAA 5 118;Šarru-ken, Šarru-ukin_2
SAA 5 32;Šarru-ken, Šarru-ukin_2
SAA 5 91;Šarru-ken, Šarru-ukin_2
SAA 5 92;Šarru-ken, Šarru-ukin_2
SAA 5 85;Šarru-ken, Šarru-ukin_2
SAA 5 64;Šarru-ken, Šarru-ukin_2
SAA 5 71;Šarru-ken, Šarru-ukin_2
SAA 5 63;Šarru-ken, Šarru-ukin_2
SAA 5 66;Šarru-ken, Šarru-ukin_2
SAA 5 1;Šarru-ken, Šarru-ukin_2
SAA 5 16;Šarru-ken, Šarru-ukin_2
SAA 5 169;Šarru-ken, Šarru-ukin_2
SAA 5 104;Šarru-ken, Šarru-ukin_2
SAA 5 242;Šarru-ken, Šarru-ukin_2
SAA 5 210;Šarru-ken, Šarru-ukin_2
SAA 5 45;Šarru-ken, Šarru-ukin_2
SAA 5 126;Šarru-ken, Šarru-ukin_2
SAA 5 79;Šarru-ken, Šarru-ukin_2
SAA 5 78;Šarru-ken, Šarru-ukin_2
SAA 5 80;Šarru-ken, Šarru-ukin_2
SAA 5 53;Šarru-ken, Šarru-ukin_2
SAA 5 52;Šarru-ken, Šarru-ukin_2
SAA 5 293;Šarru-ken, Šarru-ukin_2
SAA 5 246;Šarru-ken, Šarru-ukin_2
SAA 5 202;Šarru-ken, Šarru-ukin_2
SAA 5 199;Šarru-ken, Šarru-ukin_2
SAA 5 200;Šarru-ken, Šarru-ukin_2
SAA 5 243;Šarru-ken, Šarru-ukin_2
SAA 5 201;Šarru-ken, Šarru-ukin_2
SAA 5 217;Šarru-ken, Šarru-ukin_2
SAA 5 245;Šarru-ken, Šarru-ukin_2
SAA 5 88;Šarru-ken, Šarru-ukin_2
SAA 5 84;Šarru-ken, Šarru-ukin_2
SAA 5 203;Šarru-ken, Šarru-ukin_2
SAA 5 227;Šarru-ken, Šarru-ukin_2
SAA 5 163;Šarru-ken, Šarru-ukin_2
SAA 5 172;Šarru-ken, Šarru-ukin_2
SAA 5 3;Šarru-ken, Šarru-ukin_2
SAA 5 28;Šarru-ken, Šarru-ukin_2
SAA 5 162;Šarru-ken, Šarru-ukin_2
SAA 5 87;Šarru-ken, Šarru-ukin_2
SAA 5 139;Šarru-ken, Šarru-ukin_2
SAA 5 260;Šarru-ken, Šarru-ukin_2
SAA 5 171;Šarru-ken, Šarru-ukin_2
SAA 5 295;Šarru-ken, Šarru-ukin_2
SAA 5 111;Šarru-ken, Šarru-ukin_2
SAA 5 94;Šarru-ken, Šarru-ukin_2
SAA 5 86;Šarru-ken, Šarru-ukin_2
SAA 5 21;Šarru-ken, Šarru-ukin_2
SAA 5 25;Šarru-ken, Šarru-ukin_2
SAA 5 23;Šarru-ken, Šarru-ukin_2
SAA 5 24;Šarru-ken, Šarru-ukin_2
SAA 5 27;Šarru-ken, Šarru-ukin_2
SAA 5 164;Šarru-ken, Šarru-ukin_2
SAA 5 241;Šarru-ken, Šarru-ukin_2
SAA 5 224;Šarru-ken, Šarru-ukin_2
SAA 5 105;Šarru-ken, Šarru-ukin_2
SAA 5 2;Šarru-ken, Šarru-ukin_2
SAA 5 294;Šarru-ken, Šarru-ukin_2
SAA 5 115;Šarru-ken, Šarru-ukin_2
SAA 5 234;Šarru-ken, Šarru-ukin_2
SAA 5 103;Šarru-ken, Šarru-ukin_2
SAA 5 223;Šarru-ken, Šarru-ukin_2
SAA 5 228;Šarru-ken, Šarru-ukin_2
SAA 5 229;Šarru-ken, Šarru-ukin_2
SAA 5 90;Šarru-ken, Šarru-ukin_2
SAA 5 38;Šarru-ken, Šarru-ukin_2
SAA 5 33;Šarru-ken, Šarru-ukin_2
SAA 5 62;Šarru-ken, Šarru-ukin_2
SAA 5 6;Šarru-ken, Šarru-ukin_2
SAA 5 55;Šarru-ken, Šarru-ukin_2
SAA 5 59;Šarru-ken, Šarru-ukin_2
SAA 5 47;Šarru-ken, Šarru-ukin_2
SAA 5 205;Šarru-ken, Šarru-ukin_2
SAA 5 207;Šarru-ken, Šarru-ukin_2
SAA 5 146;Šarru-ken, Šarru-ukin_2
SAA 5 83;Šarru-ken, Šarru-ukin_2
SAA 5 161;Šarru-ken, Šarru-ukin_2
SAA 5 152;Šarru-ken, Šarru-ukin_2
SAA 5 159;Šarru-ken, Šarru-ukin_2
SAA 5 153;Šarru-ken, Šarru-ukin_2
SAA 5 154;Šarru-ken, Šarru-ukin_2
SAA 5 155;Šarru-ken, Šarru-ukin_2
SAA 5 233;Šarru-ken, Šarru-ukin_2
SAA 5 257;Šarru-ken, Šarru-ukin_2
SAA 5 226;Šarru-ken, Šarru-ukin_2
SAA 5 133;Šarru-ken, Šarru-ukin_2
SAA 5 136;Šarru-ken, Šarru-ukin_2
SAA 5 237;Šarru-ken, Šarru-ukin_2
SAA 5 238;Šarru-ken, Šarru-ukin_2
SAA 5 239;Šarru-ken, Šarru-ukin_2
SAA 5 240;Šarru-ken, Šarru-ukin_2
SAA 5 49;Šarru-ken, Šarru-ukin_2
SAA 5 134;Šarru-ken, Šarru-ukin_2
SAA 5 194;Šarru-ken, Šarru-ukin_2
SAA 5 244;Šarru-ken, Šarru-ukin_2
SAA 5 29;Šarru-ken, Šarru-ukin_2
SAA 5 297;Šarru-ken, Šarru-ukin_2
SAA 5 132;Šarru-ken, Šarru-ukin_2
SAA 5 75;Šarru-ken, Šarru-ukin_2
SAA 5 156;Šarru-ken, Šarru-ukin_2
SAA 5 82;Šarru-ken, Šarru-ukin_2
SAA 5 70;Šarru-ken, Šarru-ukin_2
SAA 5 284;Šarru-ken, Šarru-ukin_2
SAA 5 12;Šarru-ken, Šarru-ukin_2
SAA 5 148;Šarru-ken, Šarru-ukin_2
SAA 5 218;Šarru-ken, Šarru-ukin_2
SAA 5 211;Šarru-ken, Šarru-ukin_2
SAA 5 11;Šarru-ken, Šarru-ukin_2
SAA 5 54;Šarru-ken, Šarru-ukin_2
SAA 5 232;Šarru-ken, Šarru-ukin_2
SAA 5 14;Šarru-ken, Šarru-ukin_2
SAA 5 89;Šarru-ken, Šarru-ukin_2
SAA 5 263;Šarru-ken, Šarru-ukin_2
SAA 5 274;Šarru-ken, Šarru-ukin_2
SAA 5 149;Šarru-ken, Šarru-ukin_2
SAA 5 256;Šarru-ken, Šarru-ukin_2
SAA 5 179;Šarru-ken, Šarru-ukin_2
SAA 5 165;Šarru-ken, Šarru-ukin_2
SAA 5 272;Šarru-ken, Šarru-ukin_2
SAA 5 166;Šarru-ken, Šarru-ukin_2
SAA 5 158;Šarru-ken, Šarru-ukin_2
SAA 5 298;Šarru-ken, Šarru-ukin_2
SAA 5 125;Šarru-ken, Šarru-ukin_2
SAA 5 221;Šarru-ken, Šarru-ukin_2
SAA 5 58;Šarru-ken, Šarru-ukin_2
SAA 5 135;Šarru-ken, Šarru-ukin_2
SAA 5 292;Šarru-ken, Šarru-ukin_2
SAA 5 65;Šarru-ken, Šarru-ukin_2
SAA 5 13;Šarru-ken, Šarru-ukin_2
SAA 5 101;Šarru-ken, Šarru-ukin_2
SAA 5 100;Šarru-ken, Šarru-ukin_2
SAA 5 31;Šarru-ken, Šarru-ukin_2
SAA 5 17;Šarru-ken, Šarru-ukin_2
SAA 17 58;Šarru-ken, Šarru-ukin_2
SAA 17 201;Šarru-ken, Šarru-ukin_2
SAA 17 202;Šarru-ken, Šarru-ukin_2
SAA 17 129;Šarru-ken, Šarru-ukin_2
SAA 17 137;Šarru-ken, Šarru-ukin_2
SAA 17 39;Šarru-ken, Šarru-ukin_2
SAA 17 43;Šarru-ken, Šarru-ukin_2
SAA 17 130;Šarru-ken, Šarru-ukin_2
SAA 17 159;Šarru-ken, Šarru-ukin_2
SAA 17 60;Šarru-ken, Šarru-ukin_2
SAA 17 98;Sīn-ahhē-erība_1
SAA 17 89;Šarru-ken, Šarru-ukin_2
SAA 17 151;Šarru-ken, Šarru-ukin_2
SAA 17 52;Sīn-ahhē-erība_1
SAA 17 44;Šarru-ken, Šarru-ukin_2
SAA 17 3;Šarru-ken, Šarru-ukin_2
SAA 17 94;Sīn-ahhē-erība_1
SAA 17 4;Sīn-ahhē-erība_1
SAA 17 152;Šarru-ken, Šarru-ukin_2
SAA 17 205;Šarru-ken, Šarru-ukin_2
SAA 17 127;Sīn-ahhē-erība_1
SAA 17 22;Šarru-ken, Šarru-ukin_2
SAA 17 106;Sīn-ahhē-erība_1
SAA 17 92;Sīn-ahhē-erība_1
SAA 17 115;Sīn-ahhē-erība_1
SAA 17 153;Šarru-ken, Šarru-ukin_2
SAA 17 96;Sīn-ahhē-erība_1
SAA 17 59;Šarru-ken, Šarru-ukin_2
SAA 17 73;Šarru-ken, Šarru-ukin_2
SAA 17 122;Sīn-ahhē-erība_1
SAA 17 102;Šarru-ken, Šarru-ukin_2
SAA 17 49;Šarru-ken, Šarru-ukin_2
SAA 17 128;Sīn-ahhē-erība_1
SAA 17 9;Šarru-ken, Šarru-ukin_2
SAA 17 17;Šarru-ken, Šarru-ukin_2
SAA 17 140;Sīn-ahhē-erība_1
SAA 17 11;Šarru-ken, Šarru-ukin_2
SAA 17 10;Šarru-ken, Šarru-ukin_2
SAA 17 116;Sīn-ahhē-erība_1
SAA 17 172;Šarru-ken, Šarru-ukin_2
SAA 17 2;Šarru-ken, Šarru-ukin_2
SAA 17 90;Šarru-ken, Šarru-ukin_2
SAA 17 81;Sīn-ahhē-erība_1
SAA 17 93;Sīn-ahhē-erība_1
SAA 17 173;Šarru-ken, Šarru-ukin_2
SAA 17 161;Šarru-ken, Šarru-ukin_2
SAA 17 69;Šarru-ken, Šarru-ukin_2
SAA 17 86;Šarru-ken, Šarru-ukin_2
SAA 17 117;Sīn-ahhē-erība_1
SAA 17 157;Šarru-ken, Šarru-ukin_2
SAA 17 27;Šarru-ken, Šarru-ukin_2
SAA 17 174;Šarru-ken, Šarru-ukin_2
SAA 17 104;Sīn-ahhē-erība_1
SAA 17 67;Šarru-ken, Šarru-ukin_2
SAA 17 126;Sīn-ahhē-erība_1
SAA 17 111;Sīn-ahhē-erība_1
SAA 17 165;Šarru-ken, Šarru-ukin_2
SAA 17 7;Šarru-ken, Šarru-ukin_2
SAA 17 5;Šarru-ken, Šarru-ukin_2
SAA 17 48;Šarru-ken, Šarru-ukin_2
SAA 17 70;Šarru-ken, Šarru-ukin_2
SAA 17 23;Šarru-ken, Šarru-ukin_2
SAA 17 145;Šarru-ken, Šarru-ukin_2
SAA 17 82;Šarru-ken, Šarru-ukin_2
SAA 17 40;Šarru-ken, Šarru-ukin_2
SAA 17 76;Šarru-ken, Šarru-ukin_2
SAA 17 28;Šarru-ken, Šarru-ukin_2
SAA 17 71;Šarru-ken, Šarru-ukin_2
SAA 17 108;Sīn-ahhē-erība_1
SAA 17 12;Šarru-ken, Šarru-ukin_2
SAA 17 13;Šarru-ken, Šarru-ukin_2
SAA 17 68;Šarru-ken, Šarru-ukin_2
SAA 17 74;Šarru-ken, Šarru-ukin_2
SAA 17 72;Šarru-ken, Šarru-ukin_2
SAA 17 109;Sīn-ahhē-erība_1
SAA 17 99;Sīn-ahhē-erība_1
SAA 17 87;Šarru-ken, Šarru-ukin_2
SAA 17 46;Šarru-ken, Šarru-ukin_2
SAA 17 110;Sīn-ahhē-erība_1
SAA 17 118;Sīn-ahhē-erība_1
SAA 17 107;Sīn-ahhē-erība_1
SAA 17 97;Sīn-ahhē-erība_1
SAA 17 38;Sīn-ahhē-erība_1
SAA 17 47;Šarru-ken, Šarru-ukin_2
SAA 17 163;Šarru-ken, Šarru-ukin_2
SAA 17 30;Šarru-ken, Šarru-ukin_2
SAA 17 79;Šarru-ken, Šarru-ukin_2
SAA 17 50;Šarru-ken, Šarru-ukin_2
SAA 17 6;Sīn-ahhē-erība_1
SAA 17 32;Sīn-ahhē-erība_1
SAA 17 154;Šarru-ken, Šarru-ukin_2
SAA 17 176;Šarru-ken, Šarru-ukin_2
SAA 17 120;Sīn-ahhē-erība_1
SAA 17 35;Sīn-ahhē-erība_1
SAA 17 51;Šarru-ken, Šarru-ukin_2
SAA 17 124;Sīn-ahhē-erība_1
SAA 17 14;Šarru-ken, Šarru-ukin_2
SAA 17 24;Šarru-ken, Šarru-ukin_2
SAA 17 181;Šarru-ken, Šarru-ukin_2
SAA 17 158;Šarru-ken, Šarru-ukin_2
SAA 17 146;Šarru-ken, Šarru-ukin_2
SAA 17 121;Sīn-ahhē-erība_1
SAA 17 101;Šarru-ken, Šarru-ukin_2
SAA 17 34;Sīn-ahhē-erība_1
SAA 17 85;Šarru-ken, Šarru-ukin_2
SAA 17 184;Šarru-ken, Šarru-ukin_2
SAA 17 167;Šarru-ken, Šarru-ukin_2
SAA 17 16;Šarru-ken, Šarru-ukin_2
SAA 17 36;Sīn-ahhē-erība_1
SAA 17 166;Šarru-ken, Šarru-ukin_2
SAA 17 1;Šarru-ken, Šarru-ukin_2
SAA 17 186;Šarru-ken, Šarru-ukin_2
SAA 17 19;Šarru-ken, Šarru-ukin_2
SAA 17 187;Šarru-ken, Šarru-ukin_2
SAA 17 125;Sīn-ahhē-erība_1
SAA 17 188;Sīn-ahhē-erība_1
SAA 17 61;Šarru-ken, Šarru-ukin_2
SAA 17 18;Šarru-ken, Šarru-ukin_2
SAA 17 190;Sīn-ahhē-erība_1
SAA 17 191;Šarru-ken, Šarru-ukin_2
SAA 17 192;Sīn-ahhē-erība_1
SAA 17 144;Sīn-ahhē-erība_1
SAA 17 45;Šarru-ken, Šarru-ukin_2
SAA 17 113;Sīn-ahhē-erība_1
SAA 17 31;Šarru-ken, Šarru-ukin_2
SAA 17 80;Šarru-ken, Šarru-ukin_2
SAA 17 88;Šarru-ken, Šarru-ukin_2
SAA 17 15;Šarru-ken, Šarru-ukin_2
SAA 17 193;Sīn-ahhē-erība_1
SAA 17 195;Šarru-ken, Šarru-ukin_2
SAA 17 119;Sīn-ahhē-erība_1
SAA 17 42;Šarru-ken, Šarru-ukin_2
SAA 17 37;Sīn-ahhē-erība_1
SAA 17 41;Šarru-ken, Šarru-ukin_2
SAA 17 197;Šarru-ken, Šarru-ukin_2
SAA 17 112;Sīn-ahhē-erība_1
SAA 17 138;Šarru-ken, Šarru-ukin_2
SAA 17 83;Šarru-ken, Šarru-ukin_2
SAA 17 75;Šarru-ken, Šarru-ukin_2
SAA 17 8;Šarru-ken, Šarru-ukin_2
SAA 17 55;Sīn-ahhē-erība_1
SAA 17 160;Šarru-ken, Šarru-ukin_2
SAA 17 56;Sīn-ahhē-erība_1
SAA 17 199;Šarru-ken, Šarru-ukin_2
SAA 17 33;Sīn-ahhē-erība_1
SAA 17 114;Sīn-ahhē-erība_1
SAA 17 91;Šarru-ken, Šarru-ukin_2
SAA 17 198;Šarru-ken, Šarru-ukin_2
SAA 17 29;Šarru-ken, Šarru-ukin_2
SAA 17 123;Sīn-ahhē-erība_1
SAA 17 100;Sīn-ahhē-erība_1
SAA 17 143;Sīn-ahhē-erība_1
SAA 17 169;Šarru-ken, Šarru-ukin_2
SAA 17 162;Šarru-ken, Šarru-ukin_2
SAA 17 57;Sīn-ahhē-erība_1
SAA 18 163;Sīn-šarru-iškun_1
SAA 18 187;Sīn-šarru-iškun_1
SAA 18 72;Aššūr-ahu-iddina_7
SAA 18 100;Aššūr-ahu-iddina_7
SAA 18 198;Aššūr-bāni-apli_1
SAA 18 94;Aššūr-ahu-iddina_7
SAA 18 83;Aššūr-ahu-iddina_7
SAA 18 92;Aššūr-ahu-iddina_7
SAA 18 20;Aššūr-ahu-iddina_7
SAA 18 118;Aššūr-ahu-iddina_7
SAA 18 106;Aššūr-ahu-iddina_7
SAA 18 197;Aššūr-bāni-apli_1
SAA 18 53;Aššūr-ahu-iddina_7
SAA 18 123;Aššūr-ahu-iddina_7
SAA 18 204;Aššūr-bāni-apli_1
SAA 18 76;Aššūr-ahu-iddina_7
SAA 18 77;Aššūr-ahu-iddina_7
SAA 18 84;Aššūr-ahu-iddina_7
SAA 18 144;Aššūr-bāni-apli_1
SAA 18 109;Aššūr-ahu-iddina_7
SAA 18 143;Aššūr-bāni-apli_1
SAA 18 17;Aššūr-ahu-iddina_7
SAA 18 87;Aššūr-ahu-iddina_7
SAA 18 147;Aššūr-bāni-apli_1
SAA 18 101;Aššūr-ahu-iddina_7
SAA 18 132;Aššūr-ahu-iddina_7
SAA 18 8;Aššūr-ahu-iddina_7
SAA 18 114;Aššūr-ahu-iddina_7
SAA 18 150;Aššūr-bāni-apli_1
SAA 18 68;Aššūr-ahu-iddina_7
SAA 18 152;Aššūr-bāni-apli_1
SAA 18 184;Aššūr-bāni-apli_1
SAA 18 104;Aššūr-ahu-iddina_7
SAA 18 116;Aššūr-ahu-iddina_7
SAA 18 186;Aššūr-bāni-apli_1
SAA 18 58;Aššūr-ahu-iddina_7
SAA 18 5;Aššūr-ahu-iddina_7
SAA 18 142;Aššūr-ahu-iddina_7
SAA 18 69;Aššūr-ahu-iddina_7
SAA 18 159;Aššūr-bāni-apli_1
SAA 18 11;Aššūr-ahu-iddina_7
SAA 18 52;Aššūr-ahu-iddina_7
SAA 18 137;Aššūr-ahu-iddina_7
SAA 18 50;Aššūr-ahu-iddina_7
SAA 18 93;Aššūr-ahu-iddina_7
SAA 18 74;Aššūr-ahu-iddina_7
SAA 18 78;Aššūr-ahu-iddina_7
SAA 18 57;Aššūr-ahu-iddina_7
SAA 18 164;Aššūr-bāni-apli_1
SAA 18 82;Aššūr-ahu-iddina_7
SAA 18 156;Aššūr-bāni-apli_1
SAA 18 40;Aššūr-ahu-iddina_7
SAA 18 138;Aššūr-ahu-iddina_7
SAA 18 153;Aššūr-bāni-apli_1
SAA 18 145;Aššūr-bāni-apli_1
SAA 18 54;Aššūr-ahu-iddina_7
SAA 18 24;Aššūr-ahu-iddina_7
SAA 18 2;Aššūr-ahu-iddina_7
SAA 18 182;Aššūr-bāni-apli_1
SAA 18 139;Aššūr-ahu-iddina_7
SAA 18 127;Aššūr-ahu-iddina_7
SAA 18 180;Aššūr-bāni-apli_1
SAA 18 174;Aššūr-bāni-apli_1
SAA 18 176;Aššūr-bāni-apli_1
SAA 18 140;Aššūr-ahu-iddina_7
SAA 18 135;Aššūr-ahu-iddina_7
SAA 18 15;Aššūr-ahu-iddina_7
SAA 18 181;Aššūr-bāni-apli_1
SAA 18 162;Aššūr-bāni-apli_1
SAA 18 3;Aššūr-ahu-iddina_7
SAA 18 158;Aššūr-bāni-apli_1
SAA 18 80;Aššūr-ahu-iddina_7
SAA 18 55;Aššūr-ahu-iddina_7
SAA 18 10;Aššūr-ahu-iddina_7
SAA 18 60;Aššūr-ahu-iddina_7
SAA 18 146;Aššūr-bāni-apli_1
SAA 18 70;Aššūr-ahu-iddina_7
SAA 18 175;Aššūr-bāni-apli_1
SAA 18 149;Aššūr-bāni-apli_1
SAA 18 61;Aššūr-ahu-iddina_7
SAA 18 148;Aššūr-bāni-apli_1
SAA 18 185;Aššūr-bāni-apli_1
SAA 18 202;Aššūr-bāni-apli_1
SAA 18 56;Aššūr-ahu-iddina_7
SAA 18 200;Aššūr-bāni-apli_1
SAA 18 113;Aššūr-ahu-iddina_7
SAA 18 59;Aššūr-ahu-iddina_7
SAA 18 105;Aššūr-ahu-iddina_7
SAA 18 86;Aššūr-ahu-iddina_7
SAA 18 111;Aššūr-ahu-iddina_7
SAA 18 173;Aššūr-bāni-apli_1
SAA 18 117;Aššūr-ahu-iddina_7
SAA 18 91;Aššūr-ahu-iddina_7
SAA 18 192;Aššūr-bāni-apli_1
SAA 18 119;Aššūr-ahu-iddina_7
SAA 18 4;Aššūr-ahu-iddina_7
SAA 18 18;Aššūr-ahu-iddina_7
SAA 18 199;Aššūr-bāni-apli_1
SAA 18 165;Aššūr-bāni-apli_1
SAA 18 193;Aššūr-bāni-apli_1
SAA 18 151;Aššūr-bāni-apli_1
SAA 18 183;Aššūr-bāni-apli_1
SAA 18 85;Aššūr-ahu-iddina_7
SAA 18 36;Aššūr-ahu-iddina_7
SAA 18 88;Aššūr-ahu-iddina_7
SAA 18 89;Aššūr-ahu-iddina_7
SAA 18 131;Aššūr-ahu-iddina_7
SAA 18 51;Aššūr-ahu-iddina_7
SAA 18 90;Aššūr-ahu-iddina_7
SAA 18 66;Aššūr-ahu-iddina_7
SAA 18 125;Aššūr-ahu-iddina_7
SAA 18 126;Aššūr-ahu-iddina_7
SAA 18 133;Aššūr-ahu-iddina_7
SAA 18 95;Aššūr-ahu-iddina_7
SAA 18 103;Aššūr-ahu-iddina_7
SAA 18 170;Aššūr-bāni-apli_1
SAA 18 179;Aššūr-bāni-apli_1
SAA 18 115;Aššūr-ahu-iddina_7
SAA 18 63;Aššūr-ahu-iddina_7
SAA 18 49;Aššūr-ahu-iddina_7
SAA 18 73;Aššūr-ahu-iddina_7
SAA 18 172;Aššūr-bāni-apli_1
SAA 18 188;Aššūr-bāni-apli_1
SAA 18 136;Aššūr-ahu-iddina_7
SAA 18 65;Aššūr-ahu-iddina_7
SAA 18 32;Aššūr-ahu-iddina_7
SAA 18 25;Aššūr-ahu-iddina_7
SAA 18 22;Aššūr-ahu-iddina_7
SAA 18 194;Aššūr-bāni-apli_1
SAA 18 196;Aššūr-bāni-apli_1
SAA 18 112;Aššūr-ahu-iddina_7
SAA 18 128;Aššūr-ahu-iddina_7
SAA 18 35;Aššūr-ahu-iddina_7
SAA 18 19;Aššūr-ahu-iddina_7
SAA 18 30;Aššūr-ahu-iddina_7
SAA 18 9;Aššūr-ahu-iddina_7
SAA 18 46;Aššūr-ahu-iddina_7
SAA 18 33;Aššūr-ahu-iddina_7
SAA 18 75;Aššūr-ahu-iddina_7
SAA 18 168;Aššūr-bāni-apli_1
SAA 18 29;Aššūr-ahu-iddina_7
SAA 18 107;Aššūr-ahu-iddina_7
SAA 18 157;Aššūr-bāni-apli_1
SAA 18 102;Aššūr-ahu-iddina_7
SAA 18 161;Aššūr-bāni-apli_1
SAA 18 124;Aššūr-ahu-iddina_7
SAA 18 134;Aššūr-ahu-iddina_7
SAA 18 129;Aššūr-ahu-iddina_7
SAA 18 12;Aššūr-ahu-iddina_7
SAA 18 34;Aššūr-ahu-iddina_7
SAA 18 23;Aššūr-ahu-iddina_7
SAA 18 130;Aššūr-ahu-iddina_7
SAA 18 16;Aššūr-ahu-iddina_7
SAA 18 42;Aššūr-ahu-iddina_7
SAA 18 203;Aššūr-bāni-apli_1
SAA 18 195;Aššūr-bāni-apli_1
SAA 18 41;Aššūr-ahu-iddina_7
SAA 18 44;Aššūr-ahu-iddina_7
SAA 18 141;Aššūr-ahu-iddina_7
SAA 18 108;Aššūr-ahu-iddina_7
SAA 18 28;Aššūr-ahu-iddina_7
SAA 18 171;Aššūr-bāni-apli_1
SAA 18 62;Aššūr-ahu-iddina_7
SAA 18 27;Aššūr-ahu-iddina_7
SAA 18 155;Aššūr-bāni-apli_1
SAA 18 167;Aššūr-bāni-apli_1
SAA 18 67;Aššūr-ahu-iddina_7
SAA 18 13;Aššūr-ahu-iddina_7
SAA 18 110;Aššūr-ahu-iddina_7
SAA 18 43;Aššūr-ahu-iddina_7
SAA 18 169;Aššūr-bāni-apli_1
SAA 18 45;Aššūr-ahu-iddina_7
SAA 18 166;Aššūr-bāni-apli_1
SAA 18 37;Aššūr-ahu-iddina_7
SAA 18 154;Aššūr-bāni-apli_1
SAA 18 201;Aššūr-bāni-apli_1
SAA 18 38;Aššūr-ahu-iddina_7
SAA 18 122;Aššūr-ahu-iddina_7
SAA 18 191;Aššūr-bāni-apli_1
SAA 18 14;Aššūr-ahu-iddina_7
SAA 18 79;Aššūr-ahu-iddina_7
SAA 18 190;Aššūr-bāni-apli_1
SAA 18 81;Aššūr-ahu-iddina_7
SAA 18 31;Aššūr-ahu-iddina_7
SAA 18 121;Aššūr-ahu-iddina_7
SAA 18 189;Aššūr-bāni-apli_1
SAA 18 1;Aššūr-ahu-iddina_7
SAA 18 71;Aššūr-ahu-iddina_7
SAA 18 39;Aššūr-ahu-iddina_7
SAA 18 26;Aššūr-ahu-iddina_7
SAA 19 149;Tukulti-apil-Ešarra_3
SAA 19 215;Šarru-ken, Šarru-ukin_2
SAA 19 75;Tukulti-apil-Ešarra_3
SAA 19 143;Tukulti-apil-Ešarra_3
SAA 19 186;Šarru-ken, Šarru-ukin_2
SAA 19 150;Tukulti-apil-Ešarra_3
SAA 19 154;Šarru-ken, Šarru-ukin_2
SAA 19 148;Tukulti-apil-Ešarra_3
SAA 19 127;Tukulti-apil-Ešarra_3
SAA 19 111;Tukulti-apil-Ešarra_3
SAA 19 177;Šarru-ken, Šarru-ukin_2
SAA 19 116;Tukulti-apil-Ešarra_3
SAA 19 11;Tukulti-apil-Ešarra_3
SAA 19 84;Tukulti-apil-Ešarra_3
SAA 19 192;Šarru-ken, Šarru-ukin_2
SAA 19 122;Tukulti-apil-Ešarra_3
SAA 19 140;Tukulti-apil-Ešarra_3
SAA 19 35;Tukulti-apil-Ešarra_3
SAA 19 99;Tukulti-apil-Ešarra_3
SAA 19 188;Šarru-ken, Šarru-ukin_2
SAA 19 89;Tukulti-apil-Ešarra_3
SAA 19 112;Tukulti-apil-Ešarra_3
SAA 19 41;Tukulti-apil-Ešarra_3
SAA 19 218;Šarru-ken, Šarru-ukin_2
SAA 19 219;Šarru-ken, Šarru-ukin_2
SAA 19 97;Tukulti-apil-Ešarra_3
SAA 19 88;Tukulti-apil-Ešarra_3
SAA 19 24;Tukulti-apil-Ešarra_3
SAA 19 65;Tukulti-apil-Ešarra_3
SAA 19 4;Tukulti-apil-Ešarra_3
SAA 19 162;Šarru-ken, Šarru-ukin_2
SAA 19 184;Šarru-ken, Šarru-ukin_2
SAA 19 109;Tukulti-apil-Ešarra_3
SAA 19 92;Tukulti-apil-Ešarra_3
SAA 19 53;Tukulti-apil-Ešarra_3
SAA 19 71;Tukulti-apil-Ešarra_3
SAA 19 222;Šarru-ken, Šarru-ukin_2
SAA 19 50;Tukulti-apil-Ešarra_3
SAA 19 31;Tukulti-apil-Ešarra_3
SAA 19 52;Tukulti-apil-Ešarra_3
SAA 19 146;Tukulti-apil-Ešarra_3
SAA 19 77;Tukulti-apil-Ešarra_3
SAA 19 151;Tukulti-apil-Ešarra_3
SAA 19 87;Tukulti-apil-Ešarra_3
SAA 19 224;Šarru-ken, Šarru-ukin_2
SAA 19 113;Tukulti-apil-Ešarra_3
SAA 19 147;Tukulti-apil-Ešarra_3
SAA 19 176;Šarru-ken, Šarru-ukin_2
SAA 19 12;Tukulti-apil-Ešarra_3
SAA 19 98;Tukulti-apil-Ešarra_3
SAA 19 81;Tukulti-apil-Ešarra_3
SAA 19 130;Tukulti-apil-Ešarra_3
SAA 19 163;Šarru-ken, Šarru-ukin_2
SAA 19 210;Šarru-ken, Šarru-ukin_2
SAA 19 17;Tukulti-apil-Ešarra_3
SAA 19 3;Tukulti-apil-Ešarra_3
SAA 19 105;Tukulti-apil-Ešarra_3
SAA 19 179;Šarru-ken, Šarru-ukin_2
SAA 19 28;Tukulti-apil-Ešarra_3
SAA 19 100;Tukulti-apil-Ešarra_3
SAA 19 207;Šarru-ken, Šarru-ukin_2
SAA 19 139;Tukulti-apil-Ešarra_3
SAA 19 44;Tukulti-apil-Ešarra_3
SAA 19 48;Tukulti-apil-Ešarra_3
SAA 19 76;Tukulti-apil-Ešarra_3
SAA 19 20;Tukulti-apil-Ešarra_3
SAA 19 169;Šarru-ken, Šarru-ukin_2
SAA 19 229;Šarru-ken, Šarru-ukin_2
SAA 19 23;Tukulti-apil-Ešarra_3
SAA 19 135;Tukulti-apil-Ešarra_3
SAA 19 138;Tukulti-apil-Ešarra_3
SAA 19 68;Tukulti-apil-Ešarra_3
SAA 19 126;Tukulti-apil-Ešarra_3
SAA 19 115;Tukulti-apil-Ešarra_3
SAA 19 201;Šarru-ken, Šarru-ukin_2
SAA 19 91;Tukulti-apil-Ešarra_3
SAA 19 22;Tukulti-apil-Ešarra_3
SAA 19 30;Tukulti-apil-Ešarra_3
SAA 19 125;Tukulti-apil-Ešarra_3
SAA 19 156;Šarru-ken, Šarru-ukin_2
SAA 19 61;Tukulti-apil-Ešarra_3
SAA 19 18;Tukulti-apil-Ešarra_3
SAA 19 78;Tukulti-apil-Ešarra_3
SAA 19 6;Tukulti-apil-Ešarra_3
SAA 19 79;Tukulti-apil-Ešarra_3
SAA 19 59;Tukulti-apil-Ešarra_3
SAA 19 211;Šarru-ken, Šarru-ukin_2
SAA 19 228;Šarru-ken, Šarru-ukin_2
SAA 19 82;Tukulti-apil-Ešarra_3
SAA 19 182;Šarru-ken, Šarru-ukin_2
SAA 19 34;Tukulti-apil-Ešarra_3
SAA 19 213;Šarru-ken, Šarru-ukin_2
SAA 19 95;Tukulti-apil-Ešarra_3
SAA 19 29;Tukulti-apil-Ešarra_3
SAA 19 47;Tukulti-apil-Ešarra_3
SAA 19 128;Tukulti-apil-Ešarra_3
SAA 19 193;Šarru-ken, Šarru-ukin_2
SAA 19 9;Tukulti-apil-Ešarra_3
SAA 19 93;Tukulti-apil-Ešarra_3
SAA 19 62;Tukulti-apil-Ešarra_3
SAA 19 180;Šarru-ken, Šarru-ukin_2
SAA 19 64;Tukulti-apil-Ešarra_3
SAA 19 217;Šarru-ken, Šarru-ukin_2
SAA 19 5;Tukulti-apil-Ešarra_3
SAA 19 8;Tukulti-apil-Ešarra_3
SAA 19 10;Tukulti-apil-Ešarra_3
SAA 19 15;Tukulti-apil-Ešarra_3
SAA 19 16;Tukulti-apil-Ešarra_3
SAA 19 42;Tukulti-apil-Ešarra_3
SAA 19 25;Tukulti-apil-Ešarra_3
SAA 19 27;Tukulti-apil-Ešarra_3
SAA 19 26;Tukulti-apil-Ešarra_3
SAA 19 33;Tukulti-apil-Ešarra_3
SAA 19 36;Tukulti-apil-Ešarra_3
SAA 19 37;Tukulti-apil-Ešarra_3
SAA 19 40;Tukulti-apil-Ešarra_3
SAA 19 43;Tukulti-apil-Ešarra_3
SAA 19 45;Tukulti-apil-Ešarra_3
SAA 19 46;Tukulti-apil-Ešarra_3
SAA 19 57;Tukulti-apil-Ešarra_3
SAA 19 54;Tukulti-apil-Ešarra_3
SAA 19 55;Tukulti-apil-Ešarra_3
SAA 19 58;Tukulti-apil-Ešarra_3
SAA 19 60;Tukulti-apil-Ešarra_3
SAA 19 63;Tukulti-apil-Ešarra_3
SAA 19 66;Tukulti-apil-Ešarra_3
SAA 19 69;Tukulti-apil-Ešarra_3
SAA 19 72;Tukulti-apil-Ešarra_3
SAA 19 73;Tukulti-apil-Ešarra_3
SAA 19 74;Tukulti-apil-Ešarra_3
SAA 19 200;Šarru-ken, Šarru-ukin_2
SAA 19 80;Tukulti-apil-Ešarra_3
SAA 19 83;Tukulti-apil-Ešarra_3
SAA 19 85;Tukulti-apil-Ešarra_3
SAA 19 86;Tukulti-apil-Ešarra_3
SAA 19 119;Tukulti-apil-Ešarra_3
SAA 19 94;Tukulti-apil-Ešarra_3
SAA 19 196;Šarru-ken, Šarru-ukin_2
SAA 19 96;Tukulti-apil-Ešarra_3
SAA 19 101;Tukulti-apil-Ešarra_3
SAA 19 102;Tukulti-apil-Ešarra_3
SAA 19 103;Tukulti-apil-Ešarra_3
SAA 19 104;Tukulti-apil-Ešarra_3
SAA 19 106;Tukulti-apil-Ešarra_3
SAA 19 107;Tukulti-apil-Ešarra_3
SAA 19 108;Tukulti-apil-Ešarra_3
SAA 19 110;Tukulti-apil-Ešarra_3
SAA 19 114;Tukulti-apil-Ešarra_3
SAA 19 120;Tukulti-apil-Ešarra_3
SAA 19 136;Tukulti-apil-Ešarra_3
SAA 19 137;Tukulti-apil-Ešarra_3
SAA 19 141;Tukulti-apil-Ešarra_3
SAA 19 145;Tukulti-apil-Ešarra_3
SAA 19 129;Tukulti-apil-Ešarra_3
SAA 19 132;Tukulti-apil-Ešarra_3
SAA 19 158;Sīn-ahhē-erība_1
SAA 19 158;Šarru-ken, Šarru-ukin_2
SAA 19 164;Šarru-ken, Šarru-ukin_2
SAA 19 183;Šarru-ken, Šarru-ukin_2
SAA 19 167;Šarru-ken, Šarru-ukin_2
SAA 19 198;Šarru-ken, Šarru-ukin_2
SAA 19 168;Šarru-ken, Šarru-ukin_2
SAA 19 172;Šarru-ken, Šarru-ukin_2
SAA 19 175;Šarru-ken, Šarru-ukin_2
SAA 19 178;Šarru-ken, Šarru-ukin_2
SAA 19 181;Šarru-ken, Šarru-ukin_2
SAA 19 185;Šarru-ken, Šarru-ukin_2
SAA 19 187;Šarru-ken, Šarru-ukin_2
SAA 19 166;Šarru-ken, Šarru-ukin_2
SAA 19 194;Šarru-ken, Šarru-ukin_2
SAA 19 134;Tukulti-apil-Ešarra_3
SAA 19 199;Šarru-ken, Šarru-ukin_2
SAA 19 49;Tukulti-apil-Ešarra_3
SAA 19 19;Tukulti-apil-Ešarra_3
SAA 19 51;Tukulti-apil-Ešarra_3
SAA 19 67;Tukulti-apil-Ešarra_3
SAA 19 195;Šarru-ken, Šarru-ukin_2
SAA 19 205;Šarru-ken, Šarru-ukin_2
SAA 19 206;Šarru-ken, Šarru-ukin_2
SAA 19 117;Tukulti-apil-Ešarra_3
SAA 19 203;Šarru-ken, Šarru-ukin_2
SAA 19 208;Šarru-ken, Šarru-ukin_2
SAA 19 209;Šarru-ken, Šarru-ukin_2
SAA 19 212;Šarru-ken, Šarru-ukin_2
SAA 19 214;Šarru-ken, Šarru-ukin_2
SAA 19 32;Tukulti-apil-Ešarra_3
SAA 19 121;Tukulti-apil-Ešarra_3
SAA 19 216;Šarru-ken, Šarru-ukin_2
SAA 19 21;Tukulti-apil-Ešarra_3
SAA 19 220;Šarru-ken, Šarru-ukin_2
SAA 19 221;Šarru-ken, Šarru-ukin_2
SAA 19 223;Šarru-ken, Šarru-ukin_2
SAA 19 225;Šarru-ken, Šarru-ukin_2
SAA 19 226;Šarru-ken, Šarru-ukin_2
SAA 19 227;Šarru-ken, Šarru-ukin_2
SAA 19 90;Tukulti-apil-Ešarra_3
SAA 19 7;Tukulti-apil-Ešarra_3
SAA 19 204;Šarru-ken, Šarru-ukin_2
SAA 19 155;Šarru-ken, Šarru-ukin_2
SAA 19 118;Tukulti-apil-Ešarra_3
SAA 19 197;Šarru-ken, Šarru-ukin_2
SAA 19 39;Tukulti-apil-Ešarra_3
SAA 19 152;Šarru-ken, Šarru-ukin_2
SAA 19 153;Šarru-ken, Šarru-ukin_2
SAA 19 157;Sīn-ahhē-erība_1
SAA 19 157;Šarru-ken, Šarru-ukin_2
SAA 19 159;Šarru-ken, Šarru-ukin_2
SAA 19 161;Šarru-ken, Šarru-ukin_2
SAA 19 170;Šarru-ken, Šarru-ukin_2
SAA 19 171;Šarru-ken, Šarru-ukin_2
SAA 19 173;Šarru-ken, Šarru-ukin_2
SAA 19 174;Šarru-ken, Šarru-ukin_2
SAA 19 189;Šarru-ken, Šarru-ukin_2
SAA 19 190;Šarru-ken, Šarru-ukin_2
SAA 19 191;Šarru-ken, Šarru-ukin_2
SAA 21 46;Aššūr-bāni-apli_1
SAA 21 62;Aššūr-bāni-apli_1
SAA 21 113;Aššūr-bāni-apli_1
SAA 21 89;Aššūr-bāni-apli_1
SAA 21 108;Aššūr-bāni-apli_1
SAA 21 12;Aššūr-bāni-apli_1
SAA 21 21;Aššūr-bāni-apli_1
SAA 21 90;Aššūr-bāni-apli_1
SAA 21 105;Aššūr-bāni-apli_1
SAA 21 35;Aššūr-bāni-apli_1
SAA 21 31;Aššūr-bāni-apli_1
SAA 21 51;Aššūr-bāni-apli_1
SAA 21 27;Aššūr-bāni-apli_1
SAA 21 47;Aššūr-bāni-apli_1
SAA 21 91;Aššūr-bāni-apli_1
SAA 21 49;Aššūr-bāni-apli_1
SAA 21 33;Aššūr-bāni-apli_1
SAA 21 48;Aššūr-bāni-apli_1
SAA 21 124;Aššūr-bāni-apli_1
SAA 21 110;Aššūr-bāni-apli_1
SAA 21 36;Aššūr-bāni-apli_1
SAA 21 6;Aššūr-bāni-apli_1
SAA 21 60;Aššūr-bāni-apli_1
SAA 21 134;Aššūr-bāni-apli_1
SAA 21 58;Aššūr-bāni-apli_1
SAA 21 92;Aššūr-bāni-apli_1
SAA 21 93;Aššūr-bāni-apli_1
SAA 21 127;Aššūr-bāni-apli_1
SAA 21 151;Aššūr-bāni-apli_1
SAA 21 7;Aššūr-bāni-apli_1
SAA 21 98;Aššūr-bāni-apli_1
SAA 21 61;Aššūr-bāni-apli_1
SAA 21 81;Aššūr-bāni-apli_1
SAA 21 56;Aššūr-bāni-apli_1
SAA 21 100;Aššūr-bāni-apli_1
SAA 21 55;Aššūr-bāni-apli_1
SAA 21 99;Aššūr-bāni-apli_1
SAA 21 147;Aššūr-bāni-apli_1
SAA 21 126;Aššūr-bāni-apli_1
SAA 21 148;Aššūr-bāni-apli_1
SAA 21 28;Aššūr-bāni-apli_1
SAA 21 17;Aššūr-bāni-apli_1
SAA 21 44;Aššūr-bāni-apli_1
SAA 21 37;Aššūr-bāni-apli_1
SAA 21 45;Aššūr-bāni-apli_1
SAA 21 18;Aššūr-bāni-apli_1
SAA 21 118;Aššūr-bāni-apli_1
SAA 21 30;Aššūr-bāni-apli_1
SAA 21 53;Aššūr-bāni-apli_1
SAA 21 32;Aššūr-bāni-apli_1
SAA 21 115;Aššūr-bāni-apli_1
SAA 21 112;Aššūr-bāni-apli_1
SAA 21 29;Aššūr-bāni-apli_1
SAA 21 116;Aššūr-bāni-apli_1
SAA 21 130;Aššūr-bāni-apli_1
SAA 21 114;Aššūr-bāni-apli_1
SAA 21 34;Aššūr-bāni-apli_1
SAA 21 71;Aššūr-bāni-apli_1
SAA 21 67;Aššūr-bāni-apli_1
SAA 21 128;Aššūr-bāni-apli_1
SAA 21 131;Aššūr-bāni-apli_1
SAA 21 129;Aššūr-bāni-apli_1
SAA 21 132;Aššūr-bāni-apli_1
SAA 21 94;Aššūr-bāni-apli_1
SAA 21 95;Aššūr-bāni-apli_1
SAA 21 73;Aššūr-bāni-apli_1
SAA 21 14;Aššūr-bāni-apli_1
SAA 21 133;Aššūr-bāni-apli_1
SAA 21 107;Aššūr-bāni-apli_1
SAA 21 135;Aššūr-bāni-apli_1
SAA 21 143;Aššūr-bāni-apli_1
SAA 21 125;Aššūr-bāni-apli_1
SAA 21 96;Aššūr-bāni-apli_1
SAA 21 144;Aššūr-bāni-apli_1
SAA 21 150;Aššūr-bāni-apli_1
SAA 21 15;Aššūr-bāni-apli_1
SAA 21 77;Aššūr-bāni-apli_1
SAA 21 59;Aššūr-bāni-apli_1
SAA 21 145;Aššūr-bāni-apli_1
SAA 21 97;Aššūr-bāni-apli_1
SAA 21 149;Aššūr-bāni-apli_1
SAA 21 74;Aššūr-bāni-apli_1
SAA 21 11;Aššūr-bāni-apli_1
SAA 21 83;Aššūr-bāni-apli_1
SAA 21 146;Aššūr-bāni-apli_1
SAA 21 101;Aššūr-bāni-apli_1
SAA 21 40;Aššūr-bāni-apli_1
SAA 21 9;Aššūr-bāni-apli_1
SAA 21 86;Aššūr-bāni-apli_1
SAA 21 39;Aššūr-bāni-apli_1
SAA 21 137;Aššūr-bāni-apli_1
SAA 21 138;Aššūr-bāni-apli_1
SAA 21 10;Aššūr-bāni-apli_1
SAA 21 123;Aššūr-bāni-apli_1
SAA 21 87;Aššūr-bāni-apli_1
SAA 21 52;Aššūr-bāni-apli_1
SAA 21 88;Aššūr-bāni-apli_1
SAA 21 142;Aššūr-bāni-apli_1
SAA 21 64;Aššūr-bāni-apli_1
SAA 21 70;Aššūr-bāni-apli_1
SAA 21 76;Aššūr-bāni-apli_1
SAA 21 72;Aššūr-bāni-apli_1
SAA 21 3;Aššūr-bāni-apli_1
SAA 21 79;Aššūr-bāni-apli_1
SAA 21 50;Aššūr-bāni-apli_1
SAA 21 23;Aššūr-bāni-apli_1
SAA 21 43;Aššūr-bāni-apli_1
SAA 21 122;Aššūr-bāni-apli_1
SAA 21 22;Aššūr-bāni-apli_1
SAA 21 38;Aššūr-bāni-apli_1
SAA 21 19;Aššūr-bāni-apli_1
SAA 21 8;Aššūr-bāni-apli_1
SAA 21 4;Aššūr-bāni-apli_1
SAA 21 84;Aššūr-bāni-apli_1
SAA 21 106;Aššūr-bāni-apli_1
SAA 21 41;Aššūr-bāni-apli_1
SAA 21 2;Aššūr-bāni-apli_1
SAA 21 117;Aššūr-bāni-apli_1
SAA 21 136;Aššūr-bāni-apli_1
SAA 21 1;Aššūr-bāni-apli_1
SAA 21 85;Aššūr-bāni-apli_1
SAA 21 63;Aššūr-bāni-apli_1
SAA 21 103;Aššūr-bāni-apli_1
SAA 21 54;Aššūr-bāni-apli_1
SAA 21 104;Aššūr-bāni-apli_1
SAA 21 120;Aššūr-bāni-apli_1
SAA 21 65;Aššūr-bāni-apli_1
SAA 21 141;Aššūr-bāni-apli_1
SAA 21 20;Aššūr-bāni-apli_1
SAA 21 111;Aššūr-bāni-apli_1
SAA 21 102;Aššūr-bāni-apli_1
SAA 21 69;Aššūr-bāni-apli_1
SAA 21 80;Aššūr-bāni-apli_1
SAA 21 24;Aššūr-bāni-apli_1
SAA 21 25;Aššūr-bāni-apli_1
SAA 21 82;Aššūr-bāni-apli_1
SAA 21 121;Aššūr-bāni-apli_1
SAA 21 109;Aššūr-bāni-apli_1
SAA 21 5;Aššūr-bāni-apli_1
SAA 21 66;Aššūr-bāni-apli_1
SAA 21 139;Aššūr-bāni-apli_1
SAA 21 119;Aššūr-bāni-apli_1
SAA 21 78;Aššūr-bāni-apli_1
SAA 21 42;Aššūr-bāni-apli_1
SAA 21 16;Aššūr-bāni-apli_1
SAA 21 26;Aššūr-bāni-apli_1
SAA 21 68;Aššūr-bāni-apli_1
SAA 21 57;Aššūr-bāni-apli_1
SAA 21 13;Aššūr-bāni-apli_1
SAA 21 75;Aššūr-bāni-apli_1
SAA 21 140;Aššūr-bāni-apli_1
